Cat,Sub Cat,Sub Sub Cat
Home Baking,Baking Ingredients,Baking Powder
Home Baking,Baking Ingredients,Bicarbonate of Soda
Home Baking,Baking Ingredients,Fine Dark Cocoa Powder
Home Baking,Baking Ingredients,Cream of Tartar
Home Baking,Baking Ingredients,
Home Baking,Baking Ingredients,Free Range Egg White Powder
Home Baking,Baking Ingredients,Ground Arrowroot
Home Baking,Baking Ingredients,Gelatine
Home Baking,Baking Ingredients,
Home Baking,Baking Ingredients,
Home Baking,Baking Ingredients,
Home Baking,Natural Extracts & Flavours,
Home Baking,Natural Extracts & Flavours,
Home Baking,Natural Extracts & Flavours,
Home Baking,Natural Extracts & Flavours,
Home Baking,Natural Extracts & Flavours,
Home Baking,Natural Extracts & Flavours,
Home Baking,Natural Extracts & Flavours,
Home Baking,Natural Extracts & Flavours,
Home Baking,Natural Extracts & Flavours,
Home Baking,Natural Extracts & Flavours,
Home Baking,Natural Extracts & Flavours,
Home Baking,Natural Extracts & Flavours,
Home Baking,Natural Extracts & Flavours,
Home Baking,Natural Extracts & Flavours,
Home Baking,Natural Extracts & Flavours,
Home Baking,Natural Extracts & Flavours,
Home Baking,Natural Extracts & Flavours,
Home Baking,Natural Extracts & Flavours,
Home Baking,Natural Extracts & Flavours,Vanilla Extract 95ml
Home Baking,Chocolate & Inclusions,Chocolate Bars
Home Baking,Chocolate & Inclusions,Easy Choc
Home Baking,Chocolate & Inclusions,Chocolate Chips
Home Baking,Chocolate & Inclusions,Chocolate Chunks
Home Baking,Chocolate & Inclusions,Scotbloc
Home Baking,Chocolate & Inclusions,Fudge Chunks
Home Baking,Edible Decorations,Sprinkles
Home Baking,Edible Decorations,Wafer Decorations
Home Baking,Edible Decorations,Chocolate Decorations
Home Baking,Edible Decorations,Marshmallows
Home Baking,Edible Decorations,Decorating Icings
Home Baking,Edible Decorations,Shimmer Spray
Home Baking,Food Colours,
Home Baking,Food Colours,
Home Baking,Food Colours,
Home Baking,Food Colours,
Home Baking,Food Colours,
Home Baking,Food Colours,
Home Baking,Food Colours,
Home Baking,Food Colours,
Home Baking,Icings & Marzipan,
Home Baking,Icings & Marzipan,
Home Baking,Icings & Marzipan,Easy Ice
Home Baking,Icings & Marzipan,Easy Ice 2
Home Baking,Icings & Marzipan,
Home Baking,Baking Cases & Candles,Baking Cases
Home Baking,Baking Cases & Candles,Candles
Home Baking,Bake in the Box,
Home Baking,Bake in the Box,
Home Baking,Bake in the Box,
Home Baking,Buttercream,
Home Baking,Buttercream,
Home Baking,Buttercream,
Home Baking,Pud in a Mug,Pud in a Mug Desserts
Home Baking,Pud in a Mug,Pud in a Mug Sponge Pudding
Pizza,Ristorante,
Pizza,Ristorante,Verdure
Pizza,Ristorante,
Pizza,Ristorante,
Pizza,Ristorante,
Pizza,Ristorante,
Pizza,Ristorante,
Pizza,Ristorante,
Pizza,Ristorante,
Pizza,Ristorante,
Pizza,Ristorante,
Pizza,Ristorante,
Pizza,Ristorante,
Pizza,Ristorante,
Pizza,Ristorante,
Pizza,Ristorante,
Pizza,Ristorante,
Pizza,Ristorante,
Pizza,Ristorante,
Pizza,Ristorante,
Pizza,Ristorante,
Pizza,Ristorante,Spinaci
Pizza,Ristorante,Bianca Deliciosa
Pizza,Ristorante,
Pizza,Yes It's Pizza,
Pizza,Yes It's Pizza,
